puntuacion_imdb,direccion,guion,argumento,genero,duracion,titulo,anio
,,,,,Comedia,,
,,,,,Comedia,,
7.0,Piotr Domalewski,Piotr Domalewski,-,98,Comedia,jak najdalej stad,2020;
,,,,,Comedia,,
,,,,,Comedia,,
,,,,,Comedia,,
,,,,,Comedia,,
,,,,,Comedia,,
,,,,,Comedia,,
,,,,,Comedia,,
,,,,,Comedia,,
,,,,,Comedia,,
,,,,,Comedia,,
-,Eric Edwards,Eric Edwards,-,45,Comedia,what men don't know about women,2020;
6.2,Kelly Oxford,Kelly Oxford,-,94,Comedia,pink skies ahead,2020;
,,,,,Comedia,,
,,,,,Comedia,,
,,,,,Comedia,,
,,,,,Comedia,,
,,,,,Comedia,,
,,,,,Comedia,,
,,,,,Comedia,,
,,,,,Comedia,,
,,,,,Comedia,,
,,,,,Comedia,,
5.7,Josh Ruben,Josh Ruben,-,104,Comedia,scare me,2020;
4.1,Leslie Thomas,Leslie Thomas,An ensemble relationship comedy about a young couple whose marriage is in crisis. Their therapist prescribes a weekend of total honesty - the same weekend they're going to the country with close friends for a blowout good time.,90,Comedia,honesty weekend,2020;
-,Mustafa Ozgun,Mustafa Ozgun,-,-,Comedia,le voleur rose: pink thief,2020;
,,,,,Comedia,,
,,,,,Comedia,,
,,,,,Comedia,,
,,,,,Comedia,,
,,,,,Comedia,,
,,,,,Comedia,,
,,,,,Comedia,,
,,,,,Comedia,,
,,,,,Comedia,,
5.1,Andrew Burdette,Andrew Burdette,-,65,Comedia,bruh.mp4,2020;
-,Juanjo Martínez,Juanjo Martínez,A man travels between parallel universes through his consciousness.,-,Comedia,el universo en que te amé,2020;
-,Juanjo Martínez,Juanjo Martínez,A group of police officers close to being fired will try to solve the murder of a young model.,-,Comedia,unidad 23,2020;
,,,,,Comedia,,
,,,,,Comedia,,
5.6,Tommy Walton,Jody Thompson,-,82,Comedia,still today,2020;
,,,,,Comedia,,
,,,,,Comedia,,
4.3,Abhimanyu Mukherjee,Abhimanyu Mukherjee,A grocery store in a north Kolkata neighbourhood stands in the way of developers looking to build a mall there. The film follows a group as they seek to save the shop from being razed.,128,Comedia,hullor,2020;
-,Magdolna Cecília Eröss,Mario LagóMiron Manega,-,-,Comedia,the perfect mistress iv: heartbreaker,2020;
,,,,,Comedia,,
6.5,Wolfgang Groos,Robert Löhr,Three frustrated pensioners volunteer themselves as Grand-Godparents to three stressed children.,104,Comedia,enkel für anfänger,2020;
,,,,,Comedia,,
,,,,,Comedia,,
,,,,,Comedia,,
-,Giovanni Petrizzo,Giovanni Petrizzo,Film making in South Italy with local actor. The Movie is a tribute to italian director Vittorio De Sica,85,Comedia,the teacher + margherita,2020;
,,,,,Comedia,,
,,,,,Comedia,,
,,,,,Comedia,,
,,,,,Comedia,,
6.2,Laura Terruso,Alison Peck,-,93,Comedia,work it,2020;
4.0,Hakan Gürtop,Feridun Hocalar,-,100,Comedia,bizim semtin çocuklari,2020;
,,,,,Comedia,,
,,,,,Comedia,,
,,,,,Comedia,,
,,,,,Comedia,,
,,,,,Comedia,,
,,,,,Comedia,,
4.7,Robert Schwartzman,Zac Stanford,-,81,Comedia,the argument,2020;
5.5,Brea Grant,Brea Grant,-,86,Comedia,12 hour shift,2020;
5.8,Hitesh Kewalya,Hitesh Kewalya,-,117,Comedia,shubh mangal zyada saavdhan,2020;
,,,,,Comedia,,
,,,,,Comedia,,
,,,,,Comedia,,
-,Neilson Black,Neilson Black,A British foreigner moves to Paris to work in a cafe and become a Parisian. But realizes he isn't welcome when he gets there. So he starts a support group to fight for his right to stay and save the cafe from closing.,-,Comedia,café mirage,2020;
4.7,Brad Johnson,Sally Meyer,-,87,Comedia,the christmas project 2,2020;
,,,,,Comedia,,
,,,,,Comedia,,
,,,,,Comedia,,
,,,,,Comedia,,
,,,,,Comedia,,
,,,,,Comedia,,
4.3,Paul Murphy,David Brechin-Smith,-,86,Comedia,lowdown dirty criminals,2020;
,,,,,Comedia,,
,,,,,Comedia,,
4.9,O. Corbin Saleken,O. Corbin Saleken,A 12-year-old boy investigates the disappearance of a child in his neighbourhood.,81,Comedia,the dummy factor,2020;
,,,,,Comedia,,
,,,,,Comedia,,
,,,,,Comedia,,
,,,,,Comedia,,
6.1,Monica Zanetti,Monica Zanetti,-,82,Comedia,ellie & abbie (& ellie's dead aunt),2020;
5.7,Simon Verhoeven,Simon Verhoeven,-,111,Comedia,nightlife,2020;
,,,,,Comedia,,
9.4,-,Ritesh Shetty,-,-,Comedia,vyavastha,2020;
,,,,,Comedia,,
-,-,-,-,-,Comedia,as night and day,2020;
,,,,,Comedia,,
,,,,,Comedia,,
,,,,,Comedia,,
3.3,Jean-Pierre Mocky,-,-,76,Comedia,tous flics!,2020;
6.6,Quentin Dupieux,Quentin Dupieux,-,77,Comedia,mandibules,2020;
,,,,,Comedia,,
,,,,,Comedia,,
4.6,Nathan Rumler,Nathan Rumler,-,63,Comedia,amityville vibrator,2020;
,,,,,Comedia,,
,,,,,Comedia,,
5.5,Sujata Day,Sujata Day,-,91,Comedia,definition please,2020;
,,,,,Comedia,,
,,,,,Comedia,,
,,,,,Comedia,,
4.8,Yuvaraj Subramani,Yuvaraj Subramani,This is about a life struggle of a man who's trying to become a policeman as his family members wish and forced him to become police and save their village.,123,Comedia,taana,2020;
,,,,,Comedia,,
6.6,Milind Lele,Hemant Edlabadkar,Two playschool friends Bachchan and Gokhale meet almost after 70 years for a birthday party.,-,Comedia,ab aani cd,2020;
,,,,,Comedia,,
,,,,,Comedia,,
,,,,,Comedia,,
,,,,,Comedia,,
,,,,,Comedia,,
,,,,,Comedia,,
,,,,,Comedia,,
,,,,,Comedia,,
,,,,,Comedia,,
,,,,,Comedia,,
,,,,,Comedia,,
,,,,,Comedia,,
7.3,Cate Jones,Cate Jones,Three eccentric siblings return to their childhood home to reconnect but end up digging up the past of their parents' mysterious disappearances.,-,Comedia,she's the eldest,2020;
6.3,Oleg Novkovic,Milena Markovic,A middle aged rocker tries to get away from the mundane reality of his family by reliving his high old times.,92,Comedia,ziv covek,2020;
,,,,,Comedia,,
-,-,-,-,-,Comedia,horizon: here,2020;
-,Ajay Lohan,Ajay Lohan,Romeo Idiot Desi Juliet is modern time ROM-com.,-,Comedia,romeo idiot desi juliet,2020;
,,,,,Comedia,,
,,,,,Comedia,,
6.6,Batan Silva,Pablo Cruz,A man having a midlife crisis gets touched by a kid who has a terminal disease. Together they help each other and have an adventure to find the meaning of life again.,93,Comedia,la nave,2020;
,,,,,Comedia,,
,,,,,Comedia,,
,,,,,Comedia,,
,,,,,Comedia,,
6.6,Michael Winterbottom,-,Actors Rob Brydon and Steve Coogan travel from Troy to Ithaca following in the footsteps of the Odysseus.,103,Comedia,the trip to greece,2020;
4.0,Ryann Liebl,Ryann Liebl,-,116,Comedia,mags and julie go on a road trip.,2020;
,,,,,Comedia,,
5.6,Yavor Petkov,Yavor Petkov,-,106,Comedia,danny. legend. god.,2020;
,,,,,Comedia,,
,,,,,Comedia,,
,,,,,Comedia,,
,,,,,Comedia,,
7.3,John Henry Westhead,John Henry Westhead,-,84,Comedia,a safe place,2020;
2.6,Dan Grin,Anatol Ardin,-,72,Comedia,scary bride,2020;
,,,,,Comedia,,
,,,,,Comedia,,
,,,,,Comedia,,
,,,,,Comedia,,
,,,,,Comedia,,
,,,,,Comedia,,
-,-,-,-,-,Comedia,my father the film maker,2020;
6.4,Jonathan Wysocki,Jonathan Wysocki,-,91,Comedia,dramarama,2020;
,,,,,Comedia,,
,,,,,Comedia,,
,,,,,Comedia,,
,,,,,Comedia,,
,,,,,Comedia,,
,,,,,Comedia,,
5.1,Mike Berry,-,Two down on their luck cousins are forced to come up with a plan to make some cold hard cash when they lose the rent money after a night of partying with two strippers.,73,Comedia,ray jr's rent due,2020;
,,,,,Comedia,,
,,,,,Comedia,,
,,,,,Comedia,,
,,,,,Comedia,,
,,,,,Comedia,,
,,,,,Comedia,,
3.6,Kheiron,Kheiron,-,87,Comedia,brutus vs césar,2020;
,,,,,Comedia,,
,,,,,Comedia,,
,,,,,Comedia,,
,,,,,Comedia,,
,,,,,Comedia,,
,,,,,Comedia,,
,,,,,Comedia,,
,,,,,Comedia,,
,,,,,Comedia,,
-,Thomas Sainsbury,Thomas Sainsbury,-,-,Comedia,weirdoes,2020;
,,,,,Comedia,,
,,,,,Comedia,,
,,,,,Comedia,,
,,,,,Comedia,,
6.6,Ragnar Bragason,Ragnar Bragason,Indiana lives in a council estate and makes her living preying on the welfare system. In her small private garden she tends to her award winning tree. When her only son turns up with a foreign girlfriend - Indiana's world is upended.,112,Comedia,gullregn,2020;
,,,,,Comedia,,
,,,,,Comedia,,
,,,,,Comedia,,
,,,,,Comedia,,
6.9,Jenni Toivoniemi,Jenni Toivoniemi,-,117,Comedia,seurapeli,2020;
6.8,David Fincher,Jack Fincher,-,131,Comedia,mank,2020;
,,,,,Comedia,,
,,,,,Comedia,,
,,,,,Comedia,,
,,,,,Comedia,,
,,,,,Comedia,,
7.2,Radha Blank,Radha Blank,-,123,Comedia,the forty-year-old version,2020;
,,,,,Comedia,,
,,,,,Comedia,,
,,,,,Comedia,,
,,,,,Comedia,,
,,,,,Comedia,,
,,,,,Comedia,,
,,,,,Comedia,,
,,,,,Comedia,,
,,,,,Comedia,,
,,,,,Comedia,,
,,,,,Comedia,,
5.8,Andrew Cohn,Andrew Cohn,-,90,Comedia,the last shift,2020;
6.8,Dennis Harmon,Dennis Harmon,Four couples are gathered for a Premarital counseling class in which they address their problems to a dysfunctional counselor. They must get it together or forget it forever.,90,Comedia,this or that,2020;
,,,,,Comedia,,
,,,,,Comedia,,
,,,,,Comedia,,
,,,,,Comedia,,
,,,,,Comedia,,
,,,,,Comedia,,
,,,,,Comedia,,
4.8,Ihtzi Hurtado,Ihtzi Hurtado,-,95,Comedia,locas por el cambio,2020;
,,,,,Comedia,,
,,,,,Comedia,,
6.3,Hans-Günther Bücking,Horst Hammer,-,91,Comedia,bleicherode der film,2020;
,,,,,Comedia,,
,,,,,Comedia,,
,,,,,Comedia,,
,,,,,Comedia,,
,,,,,Comedia,,
,,,,,Comedia,,
,,,,,Comedia,,
,,,,,Comedia,,
,,,,,Comedia,,
5.0,John Valley,John Valley,-,91,Comedia,duncan,2020;
,,,,,Comedia,,
,,,,,Comedia,,
,,,,,Comedia,,
,,,,,Comedia,,
,,,,,Comedia,,
,,,,,Comedia,,
4.7,James Kapner,Chris Baker,-,85,Comedia,the estate,2020;
,,,,,Comedia,,
8.2,Amrit Raj Thakur,Amrit Raj Thakur,A group of boys and girls go to a forest for a fun picnic. They enjoy a lot but humans have very bad qualities like jealousy and greed which make them demons but they don't know that this is a forest.,114,Comedia,aahvaan,2020;
7.9,Aaron Lee Lopez,Aaron Lee Lopez,-,87,Comedia,teenage girl: first wheels,2020;
,,,,,Comedia,,
,,,,,Comedia,,
,,,,,Comedia,,
,,,,,Comedia,,
,,,,,Comedia,,
,,,,,Comedia,,
,,,,,Comedia,,
,,,,,Comedia,,
,,,,,Comedia,,
,,,,,Comedia,,
,,,,,Comedia,,
,,,,,Comedia,,
6.1,Steven Soderbergh,Deborah Eisenberg,-,113,Comedia,let them all talk,2020;
4.1,Deniz Denizciler,Deniz Denizciler,The love story of a girl Asli from an intelligent family and a man named Kerem from a family of the underworld of Istanbul.,97,Comedia,agir romantik,2020;
,,,,,Comedia,,
,,,,,Comedia,,
,,,,,Comedia,,
5.9,Barnaby Thompson,Preston Thompson,-,93,Comedia,pixie,2020;
,,,,,Comedia,,
,,,,,Comedia,,
,,,,,Comedia,,
,,,,,Comedia,,
,,,,,Comedia,,
,,,,,Comedia,,
,,,,,Comedia,,
3.7,Robert Bruce Carter,Robert Bruce Carter,-,-,Comedia,an exquisite meal,2020;
,,,,,Comedia,,
,,,,,Comedia,,
-,Steve Sonntag,Pedro T. Schreier,JACK WILLIAMS grew through the influence of a few good mentors to a successful ladies man with a talent for spicy sayings. Not taking anything serious he quickly finds himself as outsider again without any significant relationship in his life. In a bar Jack meets TOMMY LAKE. A he... Leer todo,-,Comedia,the gigolo volume 1,2020;
5.6,Kris Rey,Kris Rey,-,80,Comedia,i used to go here,2020;
6.4,Ciro Villano,Ciro Villano,-,90,Comedia,ammen,2020;
,,,,,Comedia,,
5.7,Trish Sie,Sarah Rothschild,-,100,Comedia,the sleepover,2020;
,,,,,Comedia,,
5.0,Guily Machovec,Guily Machovec,Maísa (Yolanda de Paulo) and Leonardo (Guily Machovec) are a couple facing problems in their relationship. Their marriage is put to the test when they meet another couple. Each individual has varying dreams and desires as they flirt with the idea of changing relationships. This u... Leer todo,104,Comedia,#nudes,2020;
,,,,,Comedia,,
,,,,,Comedia,,
-,Gina Carey,Gina Carey,-,-,Comedia,the star connection,2020;
,,,,,Comedia,,
,,,,,Comedia,,
,,,,,Comedia,,
,,,,,Comedia,,
,,,,,Comedia,,
,,,,,Comedia,,
,,,,,Comedia,,
,,,,,Comedia,,
6.2,Giuseppe Bonito,Mattia Torre,-,97,Comedia,figli,2020;
,,,,,Comedia,,
,,,,,Comedia,,
,,,,,Comedia,,
4.8,Khaled Ridgeway,Khaled Ridgeway,-,88,Comedia,death of a telemarketer,2020;
,,,,,Comedia,,
,,,,,Comedia,,
,,,,,Comedia,,
,,,,,Comedia,,
,,,,,Comedia,,
,,,,,Comedia,,
,,,,,Comedia,,
,,,,,Comedia,,
,,,,,Comedia,,
,,,,,Comedia,,
-,Glen Wise,Glen Wise,The Cup Bearer is a romantic satire where spoiled royalty meets an unlikely Cup Bearer who turns the kingdom on its head.,-,Comedia,the cup bearer,2020;
8.9,Kathir Raven S.,-,A love story of a young man (Ashwin) who falls for his colleague (Mythily) at first sight. Eventually he manages to attract her without expressing and the journey gets even more interesting when new colleague (Jessy) interrupts them.,148,Comedia,paakaati po,2020;
,,,,,Comedia,,
,,,,,Comedia,,
4.1,Vijay Anand,Vijay Anand,A conman tries to save an innocent girl from the clutches of a womanizer after realizing that he had fallen in love with her.,121,Comedia,dagaalty,2020;
-,John Rizzo,John Rizzo,A hit man and his bubbly apprentice stab their way through the mob and ignite a revolution.,80,Comedia,sledgehammer,2020;
,,,,,Comedia,,
,,,,,Comedia,,
,,,,,Comedia,,
-,Val Comorie,Val Comorie,An Asian social worker is forced into dealing with the Mob.,-,Comedia,wong's war,2020;
,,,,,Comedia,,
,,,,,Comedia,,
6.1,Jesús del Cerro,Alex Cotet,-,98,Comedia,miami bici,2020;
,,,,,Comedia,,
,,,,,Comedia,,
,,,,,Comedia,,
,,,,,Comedia,,
4.7,Marco Gadge,Marco Gadge,What a curious plan of Lya. Putting sleeping pills in the morning tea of her father. Pulling the sleeping wheelchair user to the vegetable store of her brother and attending secretly the acting exam. And all this only because Lya thinks that eight years of caring for her father w... Leer todo,95,Comedia,julia muss sterben,2020;
,,,,,Comedia,,
5.1,Curt Neill,Curt Neill,-,-,Comedia,derek's dead,2020;
,,,,,Comedia,,
-,Shridhar,Shridhar,-,-,Comedia,crazy fun in serbia,2020;
,,,,,Comedia,,
,,,,,Comedia,,
2.4,Dan Hunter,Dan Hunter,-,85,Comedia,agent toby barks,2020;
,,,,,Comedia,,
-,Paul Kortjohn,Paul Kortjohn,-,-,Comedia,the cult of maggie malone,2020;
-,Tanisha White,Tanisha White,-,90,Comedia,30 days to kick ass love,2020;
4.0,Ray Martin,Walter Haley,Two worlds collide. Ray Martin is in a bit of a pickle. His father's (George Wendt) chauffeur business is failing financially and is on the verge of collapsing. Ray must find a way to save the company. at the same time - Gervase Peterson's career in Hollywood is hanging on by a t... Leer todo,69,Comedia,stealing a survivor,2020;
,,,,,Comedia,,
6.6,Cesc Gay,Cesc Gay,-,82,Comedia,sentimental,2020;
,,,,,Comedia,,
,,,,,Comedia,,
,,,,,Comedia,,
,,,,,Comedia,,
,,,,,Comedia,,
,,,,,Comedia,,
,,,,,Comedia,,
-,Sebastian Schindler,Sebastian Schindler,-,-,Comedia,mit dem rückwärtsgang nach vorn,2020;
,,,,,Comedia,,
,,,,,Comedia,,
,,,,,Comedia,,
6.7,Baljit S,-,-,-,Comedia,who's your daddy?,2020;
,,,,,Comedia,,
,,,,,Comedia,,
-,Jacques Aldridge,Jacques Aldridge,LEADFOOT: LMack Racing - Stories of the founder of LMack Racing. Lincoln Mack.,-,Comedia,leadfoot: lmack racing,2020;
,,,,,Comedia,,
,,,,,Comedia,,
-,Mahmut Kaptan,Ihsan Aydin,-,-,Comedia,muhtesem üçlü,2020;
1.2,Dorian Valentino,Thomas Goersch,What happens when you accidentally kill someone and you're too stupid to make the body go away,-,Comedia,der tod ist nicht umsonst : danielle muss weg,2020;
,,,,,Comedia,,
-,-,-,Reparto principal,76,Comedia,the bloody indulgent regurgitated,2020;
,,,,,Comedia,,
,,,,,Comedia,,
,,,,,Comedia,,
,,,,,Comedia,,
4.5,Ivo Raza,Ivo Raza,-,97,Comedia,reboot camp,2020;
3.3,Abir Sengupta,Abir Sengupta,-,119,Comedia,indoo ki jawani,2020;
,,,,,Comedia,,
,,,,,Comedia,,
,,,,,Comedia,,
,,,,,Comedia,,
6.2,Jim Cummings,Jim Cummings,-,85,Comedia,the wolf of snow hollow,2020;
,,,,,Comedia,,
,,,,,Comedia,,
,,,,,Comedia,,
,,,,,Comedia,,
,,,,,Comedia,,
,,,,,Comedia,,
4.1,Nakia T Hamilton,Nakia T Hamilton,Tasha lost her job and boyfriend. Even worst she lost the love for herself. Her friend Felicia helps her time travel to find when she lost her self love hoping they can get it back.,79,Comedia,love travel,2020;
,,,,,Comedia,,
,,,,,Comedia,,
,,,,,Comedia,,
3.9,Fernando González Gómez,Fernando González Gómez,-,104,Comedia,estándar,2020;
8.1,Don Tjernagel,Don Tjernagel,Piper is a young adult who is forced into a life change after her longtime boyfriend breaks it off and evicts her from their home.,85,Comedia,the moving on phase,2020;
8.3,Anees Barudwale,Anees Barudwale,3 youths who want instant success in life and to achieve this they start walking on wrong path. Later they realize their wrongdoings and want to take u turn from wrong path.,-,Comedia,3 shyaane,2020;
,,,,,Comedia,,
,,,,,Comedia,,
,,,,,Comedia,,
5.6,Emmanuel Poulain-Arnaud,Noé DebréEmmanuel Poulain-Arnaud,-,80,Comedia,les cobayes,2020;
,,,,,Comedia,,
,,,,,Comedia,,
-,Tommi Sorsa,Tommi Sorsa,Students investigate a haunted house plagued by spirits who've fallen victim to a deadly drinking game. Naturally the only road to truth is play the game yourself.,50,Comedia,russian submarine,2020;
,,,,,Comedia,,
,,,,,Comedia,,
,,,,,Comedia,,
,,,,,Comedia,,
,,,,,Comedia,,
,,,,,Comedia,,
,,,,,Comedia,,
,,,,,Comedia,,
,,,,,Comedia,,
,,,,,Comedia,,
,,,,,Comedia,,
,,,,,Comedia,,
8.6,Venkat Bharadwaj,-,-,-,Comedia,omelette,2020;
-,Shreyas Talpade,Vikram Shankar,-,-,Comedia,sar car ki seva mei,2020;
,,,,,Comedia,,
,,,,,Comedia,,
5.4,Michael Walker,Michael Walker,-,95,Comedia,paint,2020;
7.5,Barry Avrich,William Shakespeare,-,-,Comedia,the merry wives of windsor,2020;
,,,,,Comedia,,
,,,,,Comedia,,
6.3,Steven Kostanski,Steven Kostanski,-,95,Comedia,psycho goreman,2020;
,,,,,Comedia,,
,,,,,Comedia,,
-,Ali Khan,-,-,-,Comedia,romeo,2020;
,,,,,Comedia,,
6.6,Carlos Conceição,Carlos Conceição,-,59,Comedia,um fio de baba escarlate,2020;
,,,,,Comedia,,
,,,,,Comedia,,
,,,,,Comedia,,
,,,,,Comedia,,
,,,,,Comedia,,
,,,,,Comedia,,
,,,,,Comedia,,
,,,,,Comedia,,
-,Achyut Prashast Singh,Achyut Prashast Singh,A reluctant but outspoken college student imagines himself in action hero situations as he goes against the education system in an attempt to prompt an exam cancellation.,45,Comedia,adhiktam,2020;
,,,,,Comedia,,
-,Sarala Krishnan,C.R. Krishnan,-,50,Comedia,learning frankie spanish,2020;
-,Guruprasad,-,-,-,Comedia,ranganayaka,2020;
,,,,,Comedia,,
-,Srinath Badineni,-,-,-,Comedia,thagithey thandana,2020;
,,,,,Comedia,,
,,,,,Comedia,,
7.1,Emma Seligman,Emma Seligman,-,77,Comedia,shiva baby,2020;
-,Energy Robinson,-,Smokes And Jokes The Movie. Smoking cigars and hookah and laughing out loud. Comedians take the stage giving you 100% raw energy and hilarious jokes. All while smoking along with you. Yeahhh you know the vibes,-,Comedia,smokes and jokes,2020;
,,,,,Comedia,,
7.3,Alan Ball,Alan Ball,-,95,Comedia,uncle frank,2020;
,,,,,Comedia,,
4.6,Juan Cavestany,Juan Cavestany,-,80,Comedia,un efecto óptico,2020;
,,,,,Comedia,,
,,,,,Comedia,,
2.8,Nicole D'Angelo,Nicole D'Angelo,A colorful neighborhood salon is threatened by a new addition. The pot is stirred by a local magazine competition and a long standing rivalry. Which salon has what it takes to win the grand prize?,78,Comedia,acrylic,2020;
,,,,,Comedia,,
,,,,,Comedia,,
,,,,,Comedia,,
,,,,,Comedia,,
5.6,Bala Aran,-,A couple of people fighting amongst themselves to find a long lost treasure.,107,Comedia,pandrikku nandri solli,2020;
-,Dan Kapelovitz,-,A remake of 48 Hours that is literally 48 hours long.,-,Comedia,48 hrs. literally,2020;
,,,,,Comedia,,
,,,,,Comedia,,
,,,,,Comedia,,
,,,,,Comedia,,
,,,,,Comedia,,
,,,,,Comedia,,
,,,,,Comedia,,
,,,,,Comedia,,
,,,,,Comedia,,
,,,,,Comedia,,
,,,,,Comedia,,
,,,,,Comedia,,
,,,,,Comedia,,
,,,,,Comedia,,
,,,,,Comedia,,
,,,,,Comedia,,
4.9,Selçuk Aydemir,Selçuk Aydemir,A mischievous 9-year-old wreaks comical levels of chaos as he and his friends try to impress the neighborhood's toughest kid.,94,Comedia,mahalleden arkadaslar,2020;
,,,,,Comedia,,
,,,,,Comedia,,
,,,,,Comedia,,
,,,,,Comedia,,
,,,,,Comedia,,
-,Abhishek Dogra,-,-,-,Comedia,3 days 4 nights in bihar,2020;
5.5,Subbu,Subbu,A man who denies the value of committed relationships meets a woman and has a change of heart.,122,Comedia,solo brathuke so better,2020;
-,Jane Dabish,Jane Dabish,-,-,Comedia,borderline crazy,2020;
-,Robert Cheader,Robert Cheader,Join the future Army Doctors at the new 4077th. Will they hold it together will they save Lives in Korea.,-,Comedia,mash reloaded,2020;
,,,,,Comedia,,
,,,,,Comedia,,
,,,,,Comedia,,
,,,,,Comedia,,
,,,,,Comedia,,
,,,,,Comedia,,
-,Tyler Maddox,Tyler Maddox,-,-,Comedia,cheer up,2020;
6.5,Priyadarshan Jadhav,Priyadarshan Jadhav,Nandan a thief steals for living but only up to his needs he enters the farmhouse of a politician Amrajit Patil and steals things according to his needs.But has a bad luck as Amrajit arrives with a dancer Shraddha and calls the cops.Amrajit lied to his wife Anjali that he is goin... Leer todo,134,Comedia,choricha mamla,2020;
,,,,,Comedia,,
,,,,,Comedia,,
,,,,,Comedia,,
,,,,,Comedia,,
,,,,,Comedia,,
,,,,,Comedia,,
,,,,,Comedia,,
4.9,Sergio Colabona,Sergio Colabona,-,90,Comedia,un pugno di amici,2020;
7.6,-,-,A support group of five quirky strangers try to move on with their lives after breaking up with their respective exes.,22,Comedia,klub kecanduan mantan,2020;
6.3,Uldus Bakhtiozina,Uldus Bakhtiozina,Fishmonger Polina drinks some tea given to her by a strange old woman that transforms her sleep into a fairy tale where she thinks she's the tsar's daughter.,70,Comedia,tzarevna scaling,2020;
,,,,,Comedia,,
,,,,,Comedia,,
,,,,,Comedia,,
-,Bumdog Torres,-,-,135,Comedia,tarantino's basterds: the homeless filmmakers of hollywood - a meta mockumentary,2020;
,,,,,Comedia,,
,,,,,Comedia,,
,,,,,Comedia,,
,,,,,Comedia,,
,,,,,Comedia,,
,,,,,Comedia,,
6.5,Patrick Read Johnson,Patrick Read Johnson,-,132,Comedia,'77,2021;
,,,,,Comedia,,
,,,,,Comedia,,
,,,,,Comedia,,
5.1,Deirdre O'Connor,Deirdre O'Connor,-,114,Comedia,one moment,2021;
6.4,Gavin Lin,Hermes Lu,-,95,Comedia,a trip with your wife,2021;
,,,,,Comedia,,
,,,,,Comedia,,
,,,,,Comedia,,
,,,,,Comedia,,
7.3,Ryan Silva,Ryan Silva,A young rapper moves to Los Angeles in search of stardom and instead finds an unlikely friend in his dispirited apartment manager whose dreams led him to the same city twenty years prior.,82,Comedia,let me be frank,2021;
,,,,,Comedia,,
,,,,,Comedia,,
,,,,,Comedia,,
,,,,,Comedia,,
,,,,,Comedia,,
,,,,,Comedia,,
,,,,,Comedia,,
4.5,Ben Falcone,Ben Falcone,-,106,Comedia,thunder force,2021;
5.7,Dan Mazer,Tim Long,-,93,Comedia,the exchange,2021;
-,Ryan Liu,Ryan Liu,A group of friends are having a dinner at a restaurant when a couple of unexpected announcements are made and tests the friendships of the group.,68,Comedia,poor lucky rich boy,2021;
,,,,,Comedia,,
4.4,Kay Cannon,Kay Cannon,-,112,Comedia,cinderella,2021;
,,,,,Comedia,,
-,David Cornelius,David Cornelius,A trio of reporters find themselves locked in a bunker with a paranoid president and decide to give him the war he's always wanted.,65,Comedia,59 minutes in a bunker with the president of the united states,2021;
,,,,,Comedia,,
,,,,,Comedia,,
,,,,,Comedia,,
5.6,Tanya Wexler,Scott Wascha,-,91,Comedia,jolt,2021;
-,-,-,-,-,Comedia,recital,2021;
,,,,,Comedia,,
,,,,,Comedia,,
,,,,,Comedia,,
,,,,,Comedia,,
8.8,M. Manikandan,M. Manikandan,The last active farmer in a remote village tries to hold out against a property developer.,122,Comedia,kadaisi vivasayi,2021;
,,,,,Comedia,,
6.1,Jude Weng,Christina Strain,-,123,Comedia,finding 'ohana,2021;
,,,,,Comedia,,
-,David Townsend,David Townsend,A highly intelligent autistic (Paul Dewdney) gets sent to jail for multiple unpaid speeding tickets where he has to survive his difficult cell-mate and convict leader Mouthy Mike (Adrian Perez).,-,Comedia,dougley,2021;
,,,,,Comedia,,
6.2,Lina Roessler,Anthony Grieco,-,102,Comedia,best sellers,2021;
,,,,,Comedia,,
,,,,,Comedia,,
,,,,,Comedia,,
,,,,,Comedia,,
,,,,,Comedia,,
,,,,,Comedia,,
,,,,,Comedia,,
,,,,,Comedia,,
,,,,,Comedia,,
,,,,,Comedia,,
-,Miles Forster,Michael Coleman,-,-,Comedia,the teen commandments,2021;
,,,,,Comedia,,
-,Ravi Verma,Badar Khan,-,-,Comedia,baraat bandi,2021;
,,,,,Comedia,,
,,,,,Comedia,,
-,Marc Recuenco,Marc Recuenco,-,70,Comedia,waiting for may,2021;
,,,,,Comedia,,
8.5,Viviana Calò,Viviana Calò,-,91,Comedia,querido fidel,2021;
,,,,,Comedia,,
,,,,,Comedia,,
4.5,D.W. Thomas,Tom Becker,-,80,Comedia,too late,2021;
6.6,Alex Sereno,Alex Sereno,-,84,Comedia,violeta y los días grises,2021;
,,,,,Comedia,,
,,,,,Comedia,,
,,,,,Comedia,,
,,,,,Comedia,,
,,,,,Comedia,,
,,,,,Comedia,,
,,,,,Comedia,,
,,,,,Comedia,,
,,,,,Comedia,,
5.8,Abhishek Prasad,Abhishek Prasad,This comedy short film is story is based in Ballia in Eastern UP. It humorously depicts the unbalanced nature of our society and the deep rooted old stereotypes which we fit as per our convenience in Today world. Humourous take on the status divide between Bihar vs UP and how it ... Leer todo,-,Comedia,bhasadbaaz,2021;
,,,,,Comedia,,
,,,,,Comedia,,
,,,,,Comedia,,
,,,,,Comedia,,
,,,,,Comedia,,
,,,,,Comedia,,
,,,,,Comedia,,
,,,,,Comedia,,
,,,,,Comedia,,
,,,,,Comedia,,
,,,,,Comedia,,
,,,,,Comedia,,
,,,,,Comedia,,
,,,,,Comedia,,
5.4,David Buchanan,Paul Papadeas,A disaffected former musician with a prosthetic hand is drawn into the mysterious and sinister world of his downstairs neighbor.,80,Comedia,laguna ave,2021;
,,,,,Comedia,,
,,,,,Comedia,,
,,,,,Comedia,,
8.4,Madonne Ashwin,Madonne Ashwin,-,140,Comedia,mandela,2021;
,,,,,Comedia,,
7.8,Andy Rossi,Andy Rossi,Two lifelong friends must come together to dispose of a dead body. Criminal hi-jinks ensue.,70,Comedia,dead body,2021;
,,,,,Comedia,,
,,,,,Comedia,,
,,,,,Comedia,,
,,,,,Comedia,,
-,Terra Glen Campbell,Terra Glen Campbell,A family must pull together and put aside their differences when an intervention is interrupted and they find themselves held captive by an escaped convict in their own home.,-,Comedia,for your own sake,2021;
,,,,,Comedia,,
,,,,,Comedia,,
,,,,,Comedia,,
,,,,,Comedia,,
,,,,,Comedia,,
,,,,,Comedia,,
,,,,,Comedia,,
,,,,,Comedia,,
,,,,,Comedia,,
,,,,,Comedia,,
,,,,,Comedia,,
,,,,,Comedia,,
,,,,,Comedia,,
,,,,,Comedia,,
,,,,,Comedia,,
,,,,,Comedia,,
,,,,,Comedia,,
5.9,Carol Rodríguez Colás,Marina Rodríguez Colás,-,91,Comedia,chavalas,2021;
,,,,,Comedia,,
,,,,,Comedia,,
,,,,,Comedia,,
,,,,,Comedia,,
,,,,,Comedia,,
,,,,,Comedia,,
3.7,Meghan Weinstein,Meghan Weinstein,-,90,Comedia,the influencer,2021;
,,,,,Comedia,,
,,,,,Comedia,,
,,,,,Comedia,,
6.6,Josh Lawson,Josh Lawson,-,90,Comedia,long story short,2021;
-,Erik Weise,Erik Weise,-,90,Comedia,all clowns are bastards,2021;
,,,,,Comedia,,
,,,,,Comedia,,
6.4,Marley Morrison,Marley Morrison,-,103,Comedia,sweetheart,2021;
,,,,,Comedia,,
,,,,,Comedia,,
4.8,Jonah Feingold,Jonah Feingold,Once upon a time in New York City....they swiped right.,91,Comedia,dating & new york,2021;
,,,,,Comedia,,
,,,,,Comedia,,
,,,,,Comedia,,
,,,,,Comedia,,
,,,,,Comedia,,
,,,,,Comedia,,
,,,,,Comedia,,
,,,,,Comedia,,
7.6,Jason Trost,Jason Trost,JTRO and Fam embark on their most dangerous mission yet: Forcing them to battle foes from the past in order to save their future from a calamity that threatens to wipe humanity off the mo' suckin' face of the Earf...4 EVZ.,-,Comedia,fp3: escape from bako,2021;
7.9,Shaun Vivaris,Shaun Vivaris,-,81,Comedia,lisa mania,2021;
,,,,,Comedia,,
,,,,,Comedia,,
,,,,,Comedia,,
,,,,,Comedia,,
-,Kola Munis,-,-,100,Comedia,in case of incasity,2021;
-,Adam Chadwick,Adam Chadwick,-,90,Comedia,turky hand,2021;
,,,,,Comedia,,
,,,,,Comedia,,
-,Oskar Laffont,Oskar Laffont,-,-,Comedia,going live,2021;
7.1,Tamera Hill,Tamera Hill,A famous pro football star lost connection with his family. His mother helps bring him back to his family roots and his first love.,116,Comedia,tamera hill's the matchmaker,2021;
,,,,,Comedia,,
3.9,Gabriel Theis,Gabriel Theis,A conspiratorial loner recruits an underachieving film student to help prove the existence of an urban legend.,93,Comedia,the curse of professor zardonicus,2021;
,,,,,Comedia,,
,,,,,Comedia,,
6.2,Steve Basilone,Steve Basilone,-,91,Comedia,long weekend,2021;
,,,,,Comedia,,
,,,,,Comedia,,
,,,,,Comedia,,
8.6,Anup Thapa,Anup Thapa,What defines a man? What are the societal norms that men face every day? Ye Mard Bechara reflects the stereotypes attached to manhood and gives a refreshing take on defining a man.,134,Comedia,ye mard bechara,2021;
-,Paul Bucknor,Paul Bucknor,-,-,Comedia,romeo + juliet 4eva,2021;
,,,,,Comedia,,
,,,,,Comedia,,
,,,,,Comedia,,
,,,,,Comedia,,
6.8,Ian Samuels,Lev Grossman,-,98,Comedia,the map of tiny perfect things,2021;
,,,,,Comedia,,
,,,,,Comedia,,
,,,,,Comedia,,
,,,,,Comedia,,
,,,,,Comedia,,
,,,,,Comedia,,
-,Kevin Brooks,Kevin Brooks,Undercover FBI agent Rashawn is on the verge of cracking a huge case until he encounters the most unusual circumstance.,-,Comedia,parallel protection,2021;
,,,,,Comedia,,
,,,,,Comedia,,
,,,,,Comedia,,
,,,,,Comedia,,
6.9,Umesh Bist,Umesh Bist,-,114,Comedia,pagglait,2021;
,,,,,Comedia,,
5.7,Prabhakaran,-,Kathir works as an IT professional at Dindigul and visited his village on a holiday in order to attend his elder brother's wedding but only to realise that the wedding has been cancelled. Things take unexpected swift when relatives come to know that the woman who was engaged with... Leer todo,112,Comedia,sarbath,2021;
6.2,Karthik Yogi,Karthik Yogi,A man travels back in time to change his unpleasant past and face the consequences. Where will he finally land up ?,144,Comedia,dikkiloona,2021;
,,,,,Comedia,,
,,,,,Comedia,,
,,,,,Comedia,,
6.5,Frankie Gaddo,Frankie Gaddo,A vivacious aspiring social worker brings together five peculiar strangers to help solve their existential problems but finds herself in way over her head.,94,Comedia,orangutan,2021;
5.9,Mikey Alfred,-,-,93,Comedia,north hollywood,2021;
,,,,,Comedia,,
2.7,Mark Cantu,Mark Cantu,-,87,Comedia,average joe,2021;
4.1,Sergio Sanus,-,-,68,Comedia,la síndrome inversa d'ebenezer scrooge,2021;
,,,,,Comedia,,
5.6,Secun de la Rosa,Secun de la Rosa,-,83,Comedia,el cover,2021;
,,,,,Comedia,,
-,Sam Morgan,Sam Morgan,-,-,Comedia,confessions of a closeted people pleaser,2021;
,,,,,Comedia,,
,,,,,Comedia,,
,,,,,Comedia,,
,,,,,Comedia,,
3.9,George A. Tramountanas,George A. Tramountanas,-,94,Comedia,win a trip to browntown!,2021;
5.1,Richard Bates Jr.,Richard Bates Jr.,-,81,Comedia,king knight,2021;
,,,,,Comedia,,
,,,,,Comedia,,
5.9,Julian Radlmaier,Julian Radlmaier,-,125,Comedia,blutsauger,2021;
,,,,,Comedia,,
,,,,,Comedia,,
,,,,,Comedia,,
7.1,Paul Thomas Anderson,Paul Thomas Anderson,-,133,Comedia,licorice pizza,2021;
,,,,,Comedia,,
,,,,,Comedia,,
,,,,,Comedia,,
6.4,Nikole Beckwith,Nikole Beckwith,-,90,Comedia,together together,2021;
,,,,,Comedia,,
-,Vikram Thori,Jatinder-Lall,-,-,Comedia,good luck jatta,2021;
-,Weimin Qi,Weimin Qi,-,-,Comedia,kung fu boy,2021;
,,,,,Comedia,,
7.4,Guru Shankar,Guru Shankar,Badava Rascal is a romantic comedy entertainer movie directed by Shankar and produced by Dhananjay . The movie cast includes Daali Dhananjay and Amrutha Iyengar in the main lead roles while Vasuki Vaibhav scored music.,133,Comedia,badava rascal,2021;
7.3,Anudeep K.V.,Anudeep K.V.,The plot revolves around the three prisoners. They get released and plan for a happy life outside. Things take a new turn and bring in a twist. Can they find happiness and love now?,145,Comedia,jathi ratnalu,2021;
3.6,Adam Sherman,Adam Sherman,-,106,Comedia,this game's called murder,2021;
-,Elisa Perrot,-,-,-,Comedia,après l'amour,2021;
,,,,,Comedia,,
,,,,,Comedia,,
,,,,,Comedia,,
,,,,,Comedia,,
,,,,,Comedia,,
,,,,,Comedia,,
-,Daniel L. Wolff,Daniel L. Wolff,An outspoken young woman must decide how to deal with the upcoming holidays as her world comes crashing down around her.,-,Comedia,black & white christmas movie,2021;
,,,,,Comedia,,
,,,,,Comedia,,
5.9,Rachel Carey,Rachel Carey,-,90,Comedia,deadly cuts,2021;
,,,,,Comedia,,
,,,,,Comedia,,
,,,,,Comedia,,
,,,,,Comedia,,
,,,,,Comedia,,
,,,,,Comedia,,
6.2,Kate Tsang,Kate Tsang,-,81,Comedia,marvelous and the black hole,2021;
,,,,,Comedia,,
,,,,,Comedia,,
,,,,,Comedia,,
8.3,Rocky Mulchandani,Mohsin Chavada,-,129,Comedia,ekde ek,2021;
,,,,,Comedia,,
,,,,,Comedia,,
4.5,Henrik Martin Dahlsbakken,Henrik Martin Dahlsbakken,A group of film students take three unemployed actors to a disused motel in the Norwegian mountains to make zombie films.,89,Comedia,prosjekt z,2021;
3.1,Fabian Farina,Fabian Farina,Max and Olivia are the loves of their lives but one night can change everything.,113,Comedia,one night,2021;
,,,,,Comedia,,
-,Nomy Xu,Nomy Xu,-,-,Comedia,in the name of superhero,2021;
,,,,,Comedia,,
,,,,,Comedia,,
,,,,,Comedia,,
 Blair and Neville, on the last weekend of May 2020," as they interact with some of the neighborhood's most interesting characters.""""",-,phornix,Comedia," az""""","2021"""
,,,,,Comedia,,
-,A.R. Nicholas,A.R. Nicholas,Two old friends find a bunch of money. And decide to keep it.,-,Comedia,old ladies find money,2021;
,,,,,Comedia,,
6.7,Michael Dowse,Kevin Jakubowski,-,97,Comedia,8-bit christmas,2021;
,,,,,Comedia,,
,,,,,Comedia,,
,,,,,Comedia,,
,,,,,Comedia,,
,,,,,Comedia,,
3.6,Ponram,-,The normal life of a villager turns living hell when he starts to realize that his family keeps boundaries to its members and also discovers that his village is in danger by a man who tries to destroy a mountain in the village.,150,Comedia,mgr magan,2021;
,,,,,Comedia,,
,,,,,Comedia,,
,,,,,Comedia,,
,,,,,Comedia,,
5.9,Matt Berman,Matt Berman,A major event happens in Elizabeth's life that causes her to leave Boston .,100,Comedia,the wedding pact 2: the baby pact,2021;
,,,,,Comedia,,
,,,,,Comedia,,
,,,,,Comedia,,
5.9,Alberto Belli,Jim Mahoney,-,80,Comedia,gatlopp,2021;
7.6,David Maler,David Maler,-,110,Comedia,no es lo que parece,2021;
,,,,,Comedia,,
5.9,Martín Cuervo,Martín Cuervo,-,87,Comedia,con quién viajas,2021;
,,,,,Comedia,,
,,,,,Comedia,,
4.7,Casey Tebo,Andy Greskoviak,-,84,Comedia,black friday,2021;
,,,,,Comedia,,
,,,,,Comedia,,
,,,,,Comedia,,
,,,,,Comedia,,
,,,,,Comedia,,
,,,,,Comedia,,
,,,,,Comedia,,
,,,,,Comedia,,
5.5,Stark Howell,Stark Howell,-,98,Comedia,mayberry man,2021;
,,,,,Comedia,,
,,,,,Comedia,,
,,,,,Comedia,,
,,,,,Comedia,,
,,,,,Comedia,,
,,,,,Comedia,,
,,,,,Comedia,,
,,,,,Comedia,,
,,,,,Comedia,,
5.8,Stephen Herek,Carrie Freedle,-,109,Comedia,afterlife of the party,2021;
-,-,-,-,-,Comedia,subway! the movie,2021;
,,,,,Comedia,,
,,,,,Comedia,,
4.4,Tom Sands,Mick Sands,-,112,Comedia,decrypted,2021;
,,,,,Comedia,,
,,,,,Comedia,,
3.7,Jamie Adams,Jamie Adams,-,93,Comedia,love spreads,2021;
,,,,,Comedia,,
,,,,,Comedia,,
,,,,,Comedia,,
,,,,,Comedia,,
,,,,,Comedia,,
,,,,,Comedia,,
,,,,,Comedia,,
,,,,,Comedia,,
,,,,,Comedia,,
,,,,,Comedia,,
,,,,,Comedia,,
,,,,,Comedia,,
,,,,,Comedia,,
,,,,,Comedia,,
,,,,,Comedia,,
,,,,,Comedia,,
-,Tom Logan,Scott Allen,Characters in an Al generated TV show become sentient and take revenge on their producers.,-,Comedia,space-x,2021;
,,,,,Comedia,,
,,,,,Comedia,,
,,,,,Comedia,,
,,,,,Comedia,,
,,,,,Comedia,,
,,,,,Comedia,,
-,Richard J. Arens,Richard J. Arens,A young woman going through hardship talks to a book writer about her story. Little does the writer know that not all stories end they way she plans.,-,Comedia,chantage,2021;
4.3,Jose Mario Salas Boza,Jose Mario Salas Boza,-,115,Comedia,a un paso de mí,2021;
,,,,,Comedia,,
,,,,,Comedia,,
,,,,,Comedia,,
,,,,,Comedia,,
,,,,,Comedia,,
-,Efrain Flores,Efrain Flores,Two filmmakers are ending their senior year in film school and now have to come up with a short film idea to pass their final and impress their professor Mr.D. Being completely different personas they get partnered up which results in a lot of different ideas being shown but neve... Leer todo,88,Comedia,the perfect movie,2021;
,,,,,Comedia,,
,,,,,Comedia,,
,,,,,Comedia,,
,,,,,Comedia,,
,,,,,Comedia,,
-,Dane E. Connor,Dane E. Connor,-,-,Comedia,zero date,2021;
,,,,,Comedia,,
,,,,,Comedia,,
,,,,,Comedia,,
5.7,Reggie Yates,Reggie Yates,-,80,Comedia,pirates,2021;
5.4,Arantxa Echevarría,Olatz Arroyo,-,110,Comedia,la familia perfecta,2021;
,,,,,Comedia,,
,,,,,Comedia,,
,,,,,Comedia,,
5.6,Peter Meister,Peter Meister,-,100,Comedia,the black square,2021;
,,,,,Comedia,,
7.2,Kaarthikk Sundar,-,A wannabe businesswoman and a happy-go-lucky guy meet each other during an arranged marriage blind date but eventually team up to start a food truck on their own.,140,Comedia,oh manapenne,2021;
,,,,,Comedia,,
,,,,,Comedia,,
,,,,,Comedia,,
,,,,,Comedia,,
,,,,,Comedia,,
,,,,,Comedia,,
,,,,,Comedia,,
,,,,,Comedia,,
5.0,Sean Nichols Lynch,Sean Nichols Lynch,-,80,Comedia,red snow,2021;
6.2,Franck Dubosc,Franck Dubosc,-,102,Comedia,rumba la vie,2021;
,,,,,Comedia,,
7.1,Nagaraj Bethur,-,At a Birthday party birthday boy Avinash was murdered by someone in the house. Who is the killer and what is the motive behind the crime?,135,Comedia,huttu habbada shubhashayagalu,2021;
,,,,,Comedia,,
-,Tamara Issi,Tamara Issi,A young ambitious skater gets a taste of cutthroat competition when a group of blood-thirsty derby girls reveal their sinister scheme to wipe out the reigning Roller Queen.,-,Comedia,roller world,2021;
,,,,,Comedia,,
7.8,Musthafa Gutz,Musthafa Gutz,A campus full of stupid students. The film is about the story of a Muslim girl coming from an Orthodox family and then an eventful event.,122,Comedia,ole kanda naal,2021;
,,,,,Comedia,,
6.1,Jaron Lockridge,Jaron Lockridge,A B-movie legend tries to reignite his career under risky circumstances.,110,Comedia,close caption,2021;
6.6,Will Koopman,Frank Houtappels,Seven friends meet up for dinner and decide to play a revealing game. During the evening deep personal secrets will surface and threaten their relationships.,102,Comedia,alles op tafel,2021;
,,,,,Comedia,,
,,,,,Comedia,,
,,,,,Comedia,,
-,-,-,-,-,Comedia,get rite auto,2021;
,,,,,Comedia,,
-,Antwan Johnson,Antwan Johnson,A film about the dos and the don'ts of the church.,90,Comedia,church'n with church folks,2021;
-,Tasciotti,Tasciotti,-,55,Comedia,solipsism creed,2021;
,,,,,Comedia,,
,,,,,Comedia,,
,,,,,Comedia,,
6.6,Máté Fazekas,Máté Fazekas,A young court bailiff's first eviction case turns into a nightmare because of a desperate old lady who is willing to sacrifice everything to keep her home.,85,Comedia,kilakoltatás,2021;
,,,,,Comedia,,
-,Jermaine Smith,Jermaine Smith,Traffic Lane is a dysfunctional comedy about the life of a New York City Traffic Agent with two bad feet named Herbert Lane.,-,Comedia,traffic lane,2021;
-,J.J. Harting,J.J. Harting,-,80,Comedia,while the world is going bananas....,2021;
,,,,,Comedia,,
,,,,,Comedia,,
,,,,,Comedia,,
,,,,,Comedia,,
,,,,,Comedia,,
,,,,,Comedia,,
,,,,,Comedia,,
,,,,,Comedia,,
,,,,,Comedia,,
,,,,,Comedia,,
,,,,,Comedia,,
,,,,,Comedia,,
,,,,,Comedia,,
,,,,,Comedia,,
-,Zoi Florosz,Kevin Davis,-,-,Comedia,lucifer's bride 4: vegas vixen,2021;
,,,,,Comedia,,
,,,,,Comedia,,
,,,,,Comedia,,
6.8,Ignacio Antonio Guggiari,Ignacio Antonio Guggiari,A Christmas eve dinner in family turns for the worse after the millionaire uncle of the family dies.,71,Comedia,el cuento del tío,2021;
,,,,,Comedia,,
,,,,,Comedia,,
,,,,,Comedia,,
,,,,,Comedia,,
,,,,,Comedia,,
,,,,,Comedia,,
,,,,,Comedia,,
,,,,,Comedia,,
,,,,,Comedia,,
,,,,,Comedia,,
8.1,Nicolaas Rahoens,Nicolaas Rahoens,-,-,Comedia,adam en eva,2021;
-,-,-,Ver la información de la producción en IMDbPro,-,Comedia,it'll be all right,2021;
-,Art Shrian Tiwari,Art Shrian Tiwari,-,-,Comedia,it'll be all right,2021;
,,,,,Comedia,,
,,,,,Comedia,,
,,,,,Comedia,,
,,,,,Comedia,,
4.8,Matthew Mark Hunter,Matthew Mark Hunter,Danny Hall is a drunk 20 year old living at home who disrespects his mother and girlfriend. One nights he goes out with his friend to check out weird green barrels next door and soon turns into a crab killing monster that loves Christmas.,59,Comedia,danny hall the killer crab elf,2021;
,,,,,Comedia,,
,,,,,Comedia,,
,,,,,Comedia,,
,,,,,Comedia,,
,,,,,Comedia,,
,,,,,Comedia,,
,,,,,Comedia,,
,,,,,Comedia,,
5.4,Taylor King,Taylor King,A pizza delivery girl discovers her neighbor is moving into a sorority house of vampires. It's a race against the clock to stop her crush from being sacrificed at midnight.,81,Comedia,super hot,2021;
,,,,,Comedia,,
,,,,,Comedia,,
5.2,Fen-fen Cheng,Fen-fen Cheng,-,105,Comedia,go brother! 2,2021;
,,,,,Comedia,,
,,,,,Comedia,,
-,Greg Robbins,Greg Robbins,This story takes place in an orphanage ran by a lovely elderly lady named Grandma Thomason; Grandma Thomason has ran an orphanage for 41 years and has taken care of hundreds of children. Her current home consist of 5 kids age range 11 to almost 18. These children have been togeth... Leer todo,-,Comedia,aging out,2021
-,Robert J. Fox,Steven Chase,TO BEST FRIENDS AGREE TO ROB BANKS ACROSS THE COUNRTY .BASED ON A TRUE STORY.,-,Comedia,buddies,2021;
,,,,,Comedia,,
-,Sharlene Humm,Sharlene Humm,-,-,Comedia,for the love of persephone,2021;
,,,,,Comedia,,
,,,,,Comedia,,
,,,,,Comedia,,
-,Troy Bakewell,Tyler Perry,-,-,Comedia,attack of the amish,2021;
4.6,Fer García-Ruiz,David Marqués,-,98,Comedia,descarrilados,2021;
6.2,Edoardo Maria Falcone,Edoardo Maria Falcone,-,90,Comedia,io sono babbo natale,2021;
,,,,,Comedia,,
,,,,,Comedia,,
,,,,,Comedia,,
,,,,,Comedia,,
,,,,,Comedia,,
,,,,,Comedia,,
,,,,,Comedia,,
,,,,,Comedia,,
4.6,Ahmet Kapucu,-,-,102,Comedia,fazla saapma,2021;
,,,,,Comedia,,
-,A.R. Nicholas,Dale Basye,-,81,Comedia,famous agoraphobic woman tells all!,2021;
,,,,,Comedia,,
6.2,Ji-hoon Kim,Cheol-Hong Jeon,A working class family move into a new condo purchased after 11 years of hard work. They throw a housewarming party to show his co-workers when overnight a heavy downpour creates an extremely deep sinkhole that engulfs the entire building.,117,Comedia,sinkhole,2021;
,,,,,Comedia,,
,,,,,Comedia,,
,,,,,Comedia,,
,,,,,Comedia,,
,,,,,Comedia,,
,,,,,Comedia,,
,,,,,Comedia,,
-,Michael M. Joshua,Michael M. Joshua,A day in the life of writer/waiter Amanda Bucelli and the restaurant THE EASY.,-,Comedia,the easy,2021;
7.8,Michael Pereira,Michael Pereira,Nash Caruthers is on a deadly collision course with the people that tore his world apart...along with something unexpected. Something far more sinister.,93,Comedia,the chamber of terror,2021;
-,Jessy Leigh,Jessy Leigh,More than a hobby. Not quite a horse.,-,Comedia,hobby,2021;
,,,,,Comedia,,
-,Kevin Healey,Kevin Healey,-,-,Comedia,don't be afraid,2021;
,,,,,Comedia,,
,,,,,Comedia,,
,,,,,Comedia,,
,,,,,Comedia,,
,,,,,Comedia,,
-,Jukka Mäkinen,Leea Keto,-,90,Comedia,haku päällä,2021;
,,,,,Comedia,,
,,,,,Comedia,,
,,,,,Comedia,,
,,,,,Comedia,,
,,,,,Comedia,,
5.6,Jan Miller Corran,Jan Miller Corran,A memory jogged by a teapot from an old lover quickly turns into an adventure of discovery for Mary Beth Higgins and her new found friend Wanda as they hit the road in Wanda's RV/Soup Truck.,95,Comedia,along came wanda,2021;
,,,,,Comedia,,
,,,,,Comedia,,
,,,,,Comedia,,
-,-,-,Reparto principal,90,Comedia,flint hill,2021;
,,,,,Comedia,,
,,,,,Comedia,,
6.3,Amalia Ulman,Amalia Ulman,-,79,Comedia,el planeta,2021;
-,-,Jeff Nathanson,The story of one producer and two lip-syncing male models who would sell millions of records and win a Grammy before their scam was revealed.,-,Comedia,milli vanilli,2022;
,,,,,Comedia,,
-,Ronnie Marmo,Nick Ferraro,-,-,Comedia,mobsense,2022;
,,,,,Comedia,,
4.7,Bennet De Brabandere,Bennet De Brabandere,A lone man with the Christmas Spirit trapped in his head must kidnap a teenage girl in order to save Christmas.,85,Comedia,the christmas spirit,2022;
,,,,,Comedia,,
,,,,,Comedia,,
,,,,,Comedia,,
,,,,,Comedia,,
,,,,,Comedia,,
,,,,,Comedia,,
6.1,David O. Russell,David O. Russell,-,134,Comedia,amsterdam,2022;
3.4,Brian Petsos,Brian Petsos,-,132,Comedia,big gold brick,2022;
,,,,,Comedia,,
-,-,-,-,-,Comedia,levi roots,2022;
-,slugger o'toole,"2022""",,,Comedia,,
,,,,,Comedia,,
,,,,,Comedia,,
,,,,,Comedia,,
,,,,,Comedia,,
,,,,,Comedia,,
,,,,,Comedia,,
-,Islam Khayri,Omar Taher,-,-,Comedia,king size,2022;
,,,,,Comedia,,
6.6,João Maia,André Guerra dos Santos,A single mother takes all shifts to pay her bills and a cleaning job in a senior home changes her life for the better.,103,Comedia,a fada do lar,2022;
,,,,,Comedia,,
,,,,,Comedia,,
,,,,,Comedia,,
,,,,,Comedia,,
7.1,Damien Chazelle,Damien Chazelle,-,189,Comedia,babylon,2022;
,,,,,Comedia,,
,,,,,Comedia,,
,,,,,Comedia,,
,,,,,Comedia,,
-,Lee Galea,Lee Galea,A lonely sixty year old woman finds a new perspective on her life when an unexpected teenager appears on her doorstep. This troubled young man forces her to confront and question her personal history.,74,Comedia,sexagenarian,2022;
4.1,Christian Kazadi,Njedeh Anthony,-,90,Comedia,creatures of necessity,2022;
,,,,,Comedia,,
,,,,,Comedia,,
,,,,,Comedia,,
5.2,Audrey Dana,Claire BarréAudrey Dana,-,97,Comedia,hommes au bord de la crise de nerfs,2022;
-,Anthony Spadaccini,Anthony Spadaccini,-,-,Comedia,the journey of gabe,2022;
,,,,,Comedia,,
,,,,,Comedia,,
,,,,,Comedia,,
,,,,,Comedia,,
,,,,,Comedia,,
,,,,,Comedia,,
,,,,,Comedia,,
4.1,Gary Bosek,Gary Bosek,A Texas oil man travels clear across the country to find his long lost love from second grade.,70,Comedia,dilly loves kitty,2022;
,,,,,Comedia,,
,,,,,Comedia,,
5.3,Talia Osteen,Tate Hanyok,-,90,Comedia,sex appeal,2022;
,,,,,Comedia,,
,,,,,Comedia,,
,,,,,Comedia,,
-,-,Tré Adora,Two people trapped in an apartment fall in love.,-,Comedia,going down,2022;
,,,,,Comedia,,
,,,,,Comedia,,
,,,,,Comedia,,
,,,,,Comedia,,
-,Benjamin Elliott,Benjamin Elliott,Killer June Bugs attack the residents of a small town in Northern Maine.,-,Comedia,june bugs,2022;
,,,,,Comedia,,
5.2,Nelson Dilipkumar,Nelson Dilipkumar,-,155,Comedia,beast,2022;
,,,,,Comedia,,
,,,,,Comedia,,
,,,,,Comedia,,
5.8,Ömer Faruk Sorak,Ali Kobanbay,It follows a man as he gets an epiphany in a repair shop and ends up becoming a mechanic's apprentice.,90,Comedia,kendi yolumda,2022;
6.3,Tom Dey,Shiwani Srivastava,-,98,Comedia,wedding season,2022;
,,,,,Comedia,,
6.2,Umesh Shukla,Jitendra Parmar,A family of misfits is trying to hide some secrets from the NRI suitor and his family as they want their daughter to get married to a well-to-do NRI guy. Then a series of comical twists and turns.,144,Comedia,aankh micholi,2022;
5.8,Hüseyin Tabak,Florian David Fitz,-,102,Comedia,oskars kleid,2022;
,,,,,Comedia,,
,,,,,Comedia,,
-,-,-,-,-,Comedia,chris to the future part ii: the amietrix,2022;
,,,,,Comedia,,
3.5,Enes Ates,Enes Ates,Twin sisters Katre and Birsu try to go to the last party of year at the Sehnaz high school in Istanbul.,98,Comedia,son parti,2022;
,,,,,Comedia,,
7.1,Rian Johnson,Rian Johnson,-,139,Comedia,glass onion - knives out,2022;
6.2,Ariel Winograd,Mariano Vera,-,113,Comedia,hoy se arregla el mundo,2022;
,,,,,Comedia,,
,,,,,Comedia,,
,,,,,Comedia,,
,,,,,Comedia,,
,,,,,Comedia,,
,,,,,Comedia,,
5.2,Daniel Guzmán,Daniel Guzmán,-,96,Comedia,canallas,2022;
,,,,,Comedia,,
5.2,Alina Bukhtiyarova,-,-,112,Comedia,pohrabuvannya po-ukrayinsky,2022;
,,,,,Comedia,,
6.4,Jamie Adams,Jamie Adams,It is based on the classic British stage farce and a comedy of misunderstandings centered around a relationship break up and a painting which is called Venice at Dawn.,-,Comedia,venice at dawn,2022;
-,-,-,-,-,Comedia,molly bling bling,2022;
,,,,,Comedia,,
,,,,,Comedia,,
,,,,,Comedia,,
,,,,,Comedia,,
6.7,Sukhminder Dhanjal,Sukhminder Dhanjal,Nishana is an action packed drama story about two unemployed young boys from different villages who are frustrated from life. They come to a railway track for committing suicide. On railway track they becomes friends but unfortunately being arrested by police before committing su... Leer todo,147,Comedia,nishana,2022;
,,,,,Comedia,,
,,,,,Comedia,,
,,,,,Comedia,,
,,,,,Comedia,,
,,,,,Comedia,,
,,,,,Comedia,,
6.8,B.J. Novak,B.J. Novak,-,107,Comedia,vengeance,2022;
-,Simon Vanko,-,-,82,Comedia,doppelte rückzahlung,2022;
,,,,,Comedia,,
,,,,,Comedia,,
,,,,,Comedia,,
,,,,,Comedia,,
,,,,,Comedia,,
,,,,,Comedia,,
,,,,,Comedia,,
,,,,,Comedia,,
,,,,,Comedia,,
,,,,,Comedia,,
-,Geordy Skolnick,Geordy Skolnick,Lily is an office executive with her life still in shambles. Dante just longs for the days when sinning was much simpler. One wild evening. The Devil wears a black velvet sports jacket and skinny jeans in this outrageous dark comedy film.,-,Comedia,horny,2022;
7.9,Eddie Vigil V,Ryan Willer,Two grocery store workers from different districts meet and end up spending time with each other over a weekend after the store they're assigned to open in another town shuts down unexpectedly.,98,Comedia,something good coming,2022;
5.6,Jesse Eisenberg,Jesse Eisenberg,-,88,Comedia,when you finish saving the world,2022;
,,,,,Comedia,,
6.7,Peter Sollett,D.B. Weiss,-,97,Comedia,metal lords,2022;
,,,,,Comedia,,
,,,,,Comedia,,
,,,,,Comedia,,
,,,,,Comedia,,
,,,,,Comedia,,
,,,,,Comedia,,
,,,,,Comedia,,
,,,,,Comedia,,
,,,,,Comedia,,
,,,,,Comedia,,
,,,,,Comedia,,
,,,,,Comedia,,
,,,,,Comedia,,
,,,,,Comedia,,
,,,,,Comedia,,
,,,,,Comedia,,
,,,,,Comedia,,
,,,,,Comedia,,
5.9,Emma Holly Jones,Suzanne Allain,-,117,Comedia,mr. malcolm's list,2022;
,,,,,Comedia,,
-,Hakan Inan,Osman Tok,-,-,Comedia,father's sons,2022;
,,,,,Comedia,,
,,,,,Comedia,,
,,,,,Comedia,,
,,,,,Comedia,,
5.8,Sujith Lal,Binulal Unni,Randu is a socio-political satire that hilariously portrays how the quite normal life of a village youth namely Vava is disturbed by the acts of some communal groups in the village. The current social atmosphere and political events add to his challenges. Can he make things strai... Leer todo,122,Comedia,randu,2022;
,,,,,Comedia,,
5.3,Adamma Ebo,Adamma Ebo,-,106,Comedia,honk for jesus. save your soul.,2022;
,,,,,Comedia,,
,,,,,Comedia,,
,,,,,Comedia,,
4.9,Evan Allen,Evan Allen,A Psycho Truck Driver travels the countryside with a torture chamber in the back of his Murder Bus. 4 college bound teens unfortunately cross his path.,83,Comedia,6 wheels from hell!,2022;
,,,,,Comedia,,
,,,,,Comedia,,
,,,,,Comedia,,
,,,,,Comedia,,
-,Subarna Thapa,Dinesh Mahat,Ram Ram is a unique comedy movie .,-,Comedia,ram ram,2022;
,,,,,Comedia,,
,,,,,Comedia,,
3.3,Vanda Hybnerová,Katerina HrachovcováVanda HybnerováJitka Sedlácková,-,-,Comedia,muzem i s muzem,2022;
,,,,,Comedia,,
,,,,,Comedia,,
,,,,,Comedia,,
,,,,,Comedia,,
,,,,,Comedia,,
,,,,,Comedia,,
,,,,,Comedia,,
,,,,,Comedia,,
,,,,,Comedia,,
,,,,,Comedia,,
-,Patricia Martínez de Velasco,Patricia Martínez de Velasco,-,-,Comedia,aquí entre nos 2,2022;
7.7,Amy Poehler,Mark Monroe,-,103,Comedia,lucy and desi,2022;
,,,,,Comedia,,
-,Hazar Deniz BG,Hazar Deniz BG,-,90,Comedia,run away if you scared,2022;
,,,,,Comedia,,
,,,,,Comedia,,
4.7,Chus Gutiérrez,Marta González de Vega,-,92,Comedia,de caperucita a loba,2022;
7.4,Chaz Moore,Jason Sereno,THE GET LOST LOSERS follows the most cantankerous rock band in Hollywood as it prepares for a super-clutch industry showcase and one last shot at fame.,93,Comedia,the get lost losers,2022;
,,,,,Comedia,,
,,,,,Comedia,,
,,,,,Comedia,,
,,,,,Comedia,,
3.7,Clara Martínez-Lázaro,Clara Martínez-Lázaro,-,80,Comedia,pijamas espaciales,2022;
,,,,,Comedia,,
-,Sujewa Ekanayake,Sujewa Ekanayake,Two extraordinary people go on several dates in New York City and plan a project that may change the world for the better.,-,Comedia,the secret society for slow romance,2022;
6.4,Quentin Dupieux,Quentin Dupieux,-,74,Comedia,incroyable mais vrai,2022;
,,,,,Comedia,,
,,,,,Comedia,,
,,,,,Comedia,,
,,,,,Comedia,,
,,,,,Comedia,,
,,,,,Comedia,,
,,,,,Comedia,,
5.7,Arun Vaiga,Rajesh Varma,Former rowdy jayan is in a mission to conduct the marriage of his niece.Things got out of hands when things get worse,129,Comedia,upacharapoorvam gunda jayan,2022;
5.1,Necati Aslan,Necati Aslan,-,-,Comedia,zalo,2022;
 the ex and the mother," all try to drag him back to the domestic sphere.""""",98,thomas mot thomas (en sensasjonell teori om det ubetydelige livet i multiverset),"2022""",Comedia,,
,,,,,Comedia,,
,,,,,Comedia,,
,,,,,Comedia,,
-,-,-,-,-,Comedia,dear universe,2022;
,,,,,Comedia,,
5.3,Alireza Golafshan,Alireza Golafshan,Two bachelorette) parties meet under the Ibizan sun. This could simply be a fun getaway for the single girls--if the future groom wouldn't be Jasmin's ex-boyfriend and her own wedding not just a fake one.,118,Comedia,jga: jasmin. gina. anna.,2022;
-,Alex Welder Díaz,Alex Welder Díaz,-,-,Comedia,el himno mundial,2022;
,,,,,Comedia,,
,,,,,Comedia,,
,,,,,Comedia,,
,,,,,Comedia,,
6.1,Monia Chokri,Catherine Léger,-,87,Comedia,babysitter,2022;
4.4,Ilkay Uygur,Serkan Dagli,-,-,Comedia,düs pesine,2022;
,,,,,Comedia,,
,,,,,Comedia,,
,,,,,Comedia,,
,,,,,Comedia,,
,,,,,Comedia,,
,,,,,Comedia,,
,,,,,Comedia,,
2.1,Jim Wynorski,Jim Wynorski,-,77,Comedia,bigfoot or bust,2022;
,,,,,Comedia,,
,,,,,Comedia,,
6.0,Annika Appelin,Anna Fredriksson,-,102,Comedia,tisdagsklubben,2022;
,,,,,Comedia,,
,,,,,Comedia,,
6.7,Mimi Cave,Lauryn Kahn,-,114,Comedia,fresh,2022;
,,,,,Comedia,,
,,,,,Comedia,,
,,,,,Comedia,,
,,,,,Comedia,,
,,,,,Comedia,,
,,,,,Comedia,,
,,,,,Comedia,,
6.5,Colin West,Colin West,-,101,Comedia,linoleum,2022;
-,Selene Kapsaski,Selene Kapsaski,-,-,Comedia,the moon is a hologram,2022;
,,,,,Comedia,,
,,,,,Comedia,,
,,,,,Comedia,,
,,,,,Comedia,,
,,,,,Comedia,,
,,,,,Comedia,,
,,,,,Comedia,,
,,,,,Comedia,,
,,,,,Comedia,,
5.5,Hyun-Sung Moon,Sua Shin,-,138,Comedia,seoul vibe,2022;
,,,,,Comedia,,
,,,,,Comedia,,
,,,,,Comedia,,
3.9,Marta Ferencova,Eva Urbaníková,-,111,Comedia,v lete ti poviem,2022;
6.5,Tom George,Mark Chappell,-,98,Comedia,see how they run,2022;
,,,,,Comedia,,
6.2,Carey Williams,K.D. Dávila,-,105,Comedia,emergency,2022;
,,,,,Comedia,,
4.9,Matej Balcar,Matej Balcar,Film adaptation of a stage play about a therapy group for male sex-addicts.,89,Comedia,pánský klub,2022;
,,,,,Comedia,,
,,,,,Comedia,,
,,,,,Comedia,,
,,,,,Comedia,,
,,,,,Comedia,,
6.8,Sameer Saxena,Biswapati Sarkar,-,167,Comedia,jaadugar,2022;
,,,,,Comedia,,
,,,,,Comedia,,
,,,,,Comedia,,
,,,,,Comedia,,
-,Ben Shockley,Ben Shockley,Detectives Saxon and Steel are back. After being moved to a different part of the country this time they must find a gang of vigilantes who are killing off all the known local criminals...even before they can.,-,Comedia,bucking magnums,2022;
-,Marcus Vitali Kashuk,Marcus Vitali Kashuk,It takes an unlikely hero to turn hate into love. A comedy. The first film ever by a deaf cast.,75,Comedia,i love you silently,2022;
,,,,,Comedia,,
6.0,Álex de la Iglesia,Jorge GuerricaechevarríaÁlex de la Iglesia,-,99,Comedia,el cuarto pasajero,2022;
-,Rolf Lyssy,Rolf Lyssy,RUBEN KATZ - a beautiful (semi) autobiographical story about the last film by the famous Swiss director Rolf Lyssy.,-,Comedia,der katz,2022;
,,,,,Comedia,,
,,,,,Comedia,,
3.2,Fatih Mutlu,Fatih Mutlu,Nalan is a successful TV Host. One day she had a traffic accident and every sentence that came out of her mouth started to mean different meanings.,113,Comedia,nalan,2022;
,,,,,Comedia,,
,,,,,Comedia,,
5.2,Rick Jacobson,Holly Hester,-,96,Comedia,the royal treatment,2022;
,,,,,Comedia,,
,,,,,Comedia,,
,,,,,Comedia,,
,,,,,Comedia,,
,,,,,Comedia,,
,,,,,Comedia,,
6.0,Pau Durà,Pau Durà,-,82,Comedia,toscana,2022;
,,,,,Comedia,,
,,,,,Comedia,,
,,,,,Comedia,,
3.8,Crystal Ellis,Crystal Ellis,Jewel cannot catch a break in the love department these days-she is failing in everything from her clothing design business to finding love.,-,Comedia,hanging on to love,2022;
,,,,,Comedia,,
,,,,,Comedia,,
6.8,Amar Kaushik,Niren Bhatt,-,156,Comedia,bhediya,2022;
,,,,,Comedia,,
,,,,,Comedia,,
,,,,,Comedia,,
,,,,,Comedia,,
3.9,Anika Decker,Anika Decker,-,99,Comedia,liebesdings,2022;
,,,,,Comedia,,
,,,,,Comedia,,
-,-,-,The fascinating story of a Fernando Botero sculpture that was real one minute and gone the next .,90,Comedia,the last botero,2022;
,,,,,Comedia,,
,,,,,Comedia,,
4.9,Lena Dunham,Lena Dunham,-,92,Comedia,sharp stick,2022;
,,,,,Comedia,,
,,,,,Comedia,,
,,,,,Comedia,,
,,,,,Comedia,,
,,,,,Comedia,,
,,,,,Comedia,,
,,,,,Comedia,,
5.2,Rudolf Havlik,-,Romance love story about female president who's trying to experience a glimpse of a normal life.,-,Comedia,prezidentka,2022;
,,,,,Comedia,,
,,,,,Comedia,,
4.5,Jesús Font,José Pérez Quintero,-,87,Comedia,hollyblood,2022;
,,,,,Comedia,,
6.3,Alessio Maria Federici,Martino Coli,-,105,Comedia,4 metà,2022;
,,,,,Comedia,,
,,,,,Comedia,,
6.3,Wanuri Kahiu,April Prosser,-,110,Comedia,look both ways,2022;
-,Constantine254,Constantine254,Rikka and Kakashi embark on a journey through the worlds of the metaverse in search of a forgotten meme.,-,Comedia,vrchat the movie,2022;
-,-,-,-,-,Comedia,my alien girlfriend 2,2022;
5.1,John Hamburg,John Hamburg,-,101,Comedia,me time,2022;
,,,,,Comedia,,
5.1,Ángeles Reiné,Antonio PrietoÁngeles Reiné,-,86,Comedia,héroes de barrio,2022;
,,,,,Comedia,,
,,,,,Comedia,,
,,,,,Comedia,,
,,,,,Comedia,,
,,,,,Comedia,,
,,,,,Comedia,,
7.3,Cooper Raiff,Cooper Raiff,-,107,Comedia,cha cha real smooth,2022;
,,,,,Comedia,,
,,,,,Comedia,,
,,,,,Comedia,,
,,,,,Comedia,,
,,,,,Comedia,,
,,,,,Comedia,,
5.8,Jan Prusinovský,Jan Prusinovský,-,107,Comedia,grand prix,2022;
7.5,Sinisa Cvetic,David Jakovljevic,Family gathers on their annual St. patrons day and as tensions rise among them hidden conflicts become obvious.,127,Comedia,usekovanje,2022;
,,,,,Comedia,,
,,,,,Comedia,,
5.8,Bruno Ascenzo,Bruno Ascenzo,-,96,Comedia,bien plus qu'un au revoir,2022;
,,,,,Comedia,,
,,,,,Comedia,,
,,,,,Comedia,,
6.8,Vikas Bahl,Vikas Bahl,-,130,Comedia,goodbye,2022;
,,,,,Comedia,,
,,,,,Comedia,,
,,,,,Comedia,,
-,Noel Ashman,Jeffrey Gurian,-,-,Comedia,baby and max,2022;
,,,,,Comedia,,
,,,,,Comedia,,
,,,,,Comedia,,
-,-,Kim Fupz Aakeson,-,-,Comedia,flower powder,2022;
8.2,Clay Moffatt,Clay Moffatt,Pocketman and Cargoboy both learn a dark secret that will change the future of Section 62. The Viper Sniper makes his move and proves to be more than the young agents can handle.,64,Comedia,wrath of the viper sniper,2022;
,,,,,Comedia,,
,,,,,Comedia,,
-,-,Sampo Terho,-,-,Comedia,pohjalaishäät,2022;
5.6,Han Han,Han Han,A father starts a motorcycle trip with his recently reunited son.,128,Comedia,si hai,2022;
-,Jerry S. Gonzalez,Jerry S. Gonzalez,A space pizza delivery boy has to deal with space pirates and space customer service.,-,Comedia,intergalactic pizzaboy,2022;
6.4,Nicolas Bedos,Nicolas Bedos,-,134,Comedia,masquerade,2022;
-,Matthew Nicholls,Matthew Nicholls,-,-,Comedia,opening night,2022;
,,,,,Comedia,,
,,,,,Comedia,,
,,,,,Comedia,,
,,,,,Comedia,,
,,,,,Comedia,,
,,,,,Comedia,,
-,-,-,Ver la información de la producción en IMDbPro,-,Comedia,beginner's guide to stupidity,2022;
,,,,,Comedia,,
,,,,,Comedia,,
,,,,,Comedia,,
,,,,,Comedia,,
,,,,,Comedia,,
,,,,,Comedia,,
,,,,,Comedia,,
,,,,,Comedia,,
4.0,William Atticus Parker,William Atticus Parker,-,80,Comedia,forty winks,2022;
,,,,,Comedia,,
7.9,Abhishek Shetty,Abhishek Shetty,Story is all about showing how important friendship is for anyone and how sadistic nature kills that belief of friendship. And it neatly explained with other aspects of life as well,108,Comedia,gajanana and gang,2022;
,,,,,Comedia,,
,,,,,Comedia,,
,,,,,Comedia,,
,,,,,Comedia,,
6.4,Tim Federle,Tim Federle,-,94,Comedia,better nate than ever,2022;
,,,,,Comedia,,
,,,,,Comedia,,
,,,,,Comedia,,
,,,,,Comedia,,
,,,,,Comedia,,
,,,,,Comedia,,
5.9,Jonás Trueba,Jonás Trueba,-,64,Comedia,tenéis que venir a verla,2022;
,,,,,Comedia,,
,,,,,Comedia,,
,,,,,Comedia,,
8.6,Joseph Pieken,Joseph Pieken,After being in a relationship for one year James (Dan Daly) and Agatha's (Nicole Hall) web of lies untangles as each of them fight for survival and happiness.,-,Comedia,vy,2022;
,,,,,Comedia,,
5.4,Hallvard Bræin,Karsten Fullu,-,90,Comedia,olsenbanden - siste skrik!,2022;
5.7,Tyler Perry,Tyler Perry,-,105,Comedia,a madea homecoming,2022;
6.1,Quinn Shephard,Quinn Shephard,-,100,Comedia,not okay,2022;
,,,,,Comedia,,
,,,,,Comedia,,
-,-,Kristen Doscher,Three unpopular teenage girls find a Felt Tip pen with mysterious powers.,-,Comedia,millennium witch,2022;
5.1,Tim Brown,Tim Brown,-,103,Comedia,the retirement plan,2022;
,,,,,Comedia,,
,,,,,Comedia,,
4.8,Lisa Azuelos,Lisa Azuelos,-,102,Comedia,i love america,2022;
4.8,Martin Sofiedal,Emanuel Nordrum,-,114,Comedia,blasted: kumple kontra kosmici,2022;
,,,,,Comedia,,
5.0,Genevieve Adams,Genevieve Adams,An atheist actress attempts to convert to Judaism to marry the man she loves.,117,Comedia,simchas and sorrows,2022;
,,,,,Comedia,,
,,,,,Comedia,,
,,,,,Comedia,,
2.6,Levent Turkan,Cüneyt Inay,A group of friends has to prove their innocence after getting arrested.,88,Comedia,kendinden kaçak,2022;
-,Matt Ott,Matt Ott,A prospective New Yorker seeping in Midwest nice is mugged ahead of an all-important interview at a prestigious tech company leaving him to claw through the worst Brooklyn has to throw at him over one hellacious night.,-,Comedia,no sleep in brooklyn,2022;
,,,,,Comedia,,
,,,,,Comedia,,
5.2,Frank Lotito,Nick Giannopoulos,-,109,Comedia,wog boys forever,2022;
6.4,Céline Devaux,Céline Devaux,-,95,Comedia,tout le monde aime jeanne,2022;
6.8,Chandler Levack,Chandler Levack,-,99,Comedia,i like movies,2022;
,,,,,Comedia,,
6.9,Floor van der Meulen,Bastiaan Kroeger,-,95,Comedia,pink moon,2022;
,,,,,Comedia,,
,,,,,Comedia,,
6.3,James Morosini,James Morosini,-,96,Comedia,i love my dad,2022;
,,,,,Comedia,,
,,,,,Comedia,,
,,,,,Comedia,,
-,Keith J. Obit,Keith J. Obit,The sound of revenge gets all mixed up.,-,Comedia,the soundguy,2022;
-,Chris Blim,Chris Blim,A lackluster team of hipster doofuses search for extraterrestrial contact in the Mojave desert to the chagrin of the United States Air Force.,-,Comedia,nightmoon city,2022;
,,,,,Comedia,,
,,,,,Comedia,,
-,Manuel Lagos Jr.,Manuel Lagos Jr.,A couple's fourth of July weekend is interrupted by the arrival of an estranged childhood friend.,-,Comedia,the third,2022;
,,,,,Comedia,,
,,,,,Comedia,,
,,,,,Comedia,,
5.2,Paolo Ruffini,Paolo Ruffini,-,100,Comedia,ragazzaccio,2022;
-,Gökhan Ari,Ali Buhara Mete,-,-,Comedia,civan cengaver,2022;
5.8,Peter Strickland,Peter Strickland,-,111,Comedia,flux gourmet,2022;
,,,,,Comedia,,
,,,,,Comedia,,
-,-,Ruirui Hou,-,-,Comedia,bikini girls,2022;
,,,,,Comedia,,
,,,,,Comedia,,
,,,,,Comedia,,
,,,,,Comedia,,
,,,,,Comedia,,
,,,,,Comedia,,
,,,,,Comedia,,
,,,,,Comedia,,
,,,,,Comedia,,
,,,,,Comedia,,
,,,,,Comedia,,
-,Riccardo Vannuccini,Riccardo Vannuccini,The two main characters are patients in a mental hospital who want to make a movie. It's a touching exploration of where the borders of sanity and madness lie.,-,Comedia,commedia,2022;
,,,,,Comedia,,
,,,,,Comedia,,
,,,,,Comedia,,
,,,,,Comedia,,
-,Brandon Bergin,Brandon Bergin,-,-,Comedia,teaching faith,2022;
,,,,,Comedia,,
,,,,,Comedia,,
,,,,,Comedia,,
,,,,,Comedia,,
,,,,,Comedia,,
,,,,,Comedia,,
,,,,,Comedia,,
,,,,,Comedia,,
,,,,,Comedia,,
,,,,,Comedia,,
-,Karyn Ben Singer,Karyn Ben Singer,-,-,Comedia,the same side of danger,2022;
,,,,,Comedia,,
-,-,Crystal Wood,A whole new world opens up for an awkward high-schooler when he joins an environmental group to impress the girl of his dreams.,-,Comedia,tree hugger,2022;
,,,,,Comedia,,
7.0,Pharoah Powell,Pharoah Powell,-,75,Comedia,dead rappers,2022;
-,Anthony Forrest,Anthony Forrest,-,-,Comedia,the ballad of bob's garage,2022;
,,,,,Comedia,,
-,Arif Ahmed,Arif Ahmed,-,-,Comedia,black comedy,2022;
,,,,,Comedia,,
,,,,,Comedia,,
,,,,,Comedia,,
,,,,,Comedia,,
,,,,,Comedia,,
,,,,,Comedia,,
,,,,,Comedia,,
,,,,,Comedia,,
6.7,Andrew Ahn,Joel Kim Booster,-,105,Comedia,fire island,2022;
,,,,,Comedia,,
,,,,,Comedia,,
,,,,,Comedia,,
,,,,,Comedia,,
1.6,Can Sarcan,-,-,-,Comedia,kolej rüyasi: lise günlükleri 2,2022;
,,,,,Comedia,,
,,,,,Comedia,,
,,,,,Comedia,,
,,,,,Comedia,,
,,,,,Comedia,,
-,Lauri Deason,Lauri Deason,-,-,Comedia,rapture camp,2023;
,,,,,Comedia,,
,,,,,Comedia,,
,,,,,Comedia,,
,,,,,Comedia,,
,,,,,Comedia,,
,,,,,Comedia,,
,,,,,Comedia,,
,,,,,Comedia,,
-,Juanjo Martínez,Juanjo Martínez,A man divorces after ten years of marriage and after overcoming depression decides to return to live and return to the outside world.,-,Comedia,de vuelta al mundo,2023;
,,,,,Comedia,,
,,,,,Comedia,,
,,,,,Comedia,,
-,Nick Peterson,Nick Peterson,-,-,Comedia,the idiots,2023;
,,,,,Comedia,,
,,,,,Comedia,,
,,,,,Comedia,,
,,,,,Comedia,,
,,,,,Comedia,,
,,,,,Comedia,,
,,,,,Comedia,,
,,,,,Comedia,,
,,,,,Comedia,,
,,,,,Comedia,,
,,,,,Comedia,,
,,,,,Comedia,,
-,Benjamin Madrid,Benjamin Madrid,-,-,Comedia,big syrup and the maple men,2023;
,,,,,Comedia,,
